Workbook

Sheet Como usar
A1: Sorteio de grupos e temas · Banco de Dados 2 (aula 1)
A3: ANTES DA AULA
A4: 1. Confira os 10 temas na aba Temas (células amarelas). Ajuste se o professor já decidiu trocar algum (D-16).
A5: 2. Salve uma cópia com o nome «sorteio-grupos-preenchido.xlsx» (esse nome é ignorado pelo git, porque vai ter nomes de alunos).
A7: NA AULA (depois da 1ª chamada)
A8: 1. Digite os nomes dos alunos presentes na aba Alunos, coluna A (até 40). Não precisa ordem.
A9: 2. Na aba Sorteio, peça a dois alunos que digitem um número cada um nas células amarelas (grupos e temas).
A10: 3. O sorteio aparece na hora na aba Sorteio. Projete essa aba. Os grupos têm 3 ou 4 alunos, divididos de forma equilibrada.
A11: 4. Cada tema vai para um grupo. Com menos de 10 grupos, os temas são sorteados entre os 10.
A12: 5. Anote o número do grupo e o tema de cada aluno na lista da aba Alunos (colunas D e G).
A14: IMPORTANTE
A15: - O mesmo número sempre dá o mesmo resultado. Mudar o número, ou digitar um nome novo na aba Alunos, refaz o sorteio.
... A23: - Use o número do grupo e o tema para nomear os repositórios: bd2-grupo-NN-tema.

Sheet Alunos
A1: Nome do aluno | B1: Número sorteado | C1: Posição | D1: Grupo | E1: Ordem no grupo | F1: Chave | G1: Tema do grupo | I1: Escreva os nomes em A2:A41 (máx. 40). As colunas B a G são fórmulas.
B2: =IF(A2="","",MOD(ABS(SIN((ROW()+Sorteio!$C$3)*12.9898+Sorteio!$C$3*78.233))*43758.5453,1)) | C2: =IF(A2="","",RANK(B2,$B$2:$B$41,1)+COUNTIF($B$2:B2,B2)-1) | D2: =IF(A2="","",MOD(C2-1,Sorteio!$C$6)+1) | E2: =IF(A2="","",COUNTIF($D$2:D2,D2)) | F2: =IF(A2="","",D2*100+E2) | G2: =IF(A2="","",INDEX(Sorteio!$B$11:$B$20,D2))
B3: =IF(A3="","",MOD(ABS(SIN((ROW()+Sorteio!$C$3)*12.9898+Sorteio!$C$3*78.233))*43758.5453,1)) | C3: =IF(A3="","",RANK(B3,$B$2:$B$41,1)+COUNTIF($B$2:B3,B3)-1) | D3: =IF(A3="","",MOD(C3-1,Sorteio!$C$6)+1) | E3: =IF(A3="","",COUNTIF($D$2:D3,D3)) | F3: =IF(A3="","",D3*100+E3) | G3: =IF(A3="","",INDEX(Sorteio!$B$11:$B$20,D3))
B4: =IF(A4="","",MOD(ABS(SIN((ROW()+Sorteio!$C$3)*12.9898+Sorteio!$C$3*78.233))*43758.5453,1)) | C4: =IF(A4="","",RANK(B4,$B$2:$B$41,1)+COUNTIF($B$2:B4,B4)-1) | D4: =IF(A4="","",MOD(C4-1,Sorteio!$C$6)+1) | E4: =IF(A4="","",COUNTIF($D$2:D4,D4)) | F4: =IF(A4="","",D4*100+E4) | G4: =IF(A4="","",INDEX(Sorteio!$B$11:$B$20,D4))
B5: =IF(A5="","",MOD(ABS(SIN((ROW()+Sorteio!$C$3)*12.9898+Sorteio!$C$3*78.233))*43758.5453,1)) | C5: =IF(A5="","",RANK(B5,$B$2:$B$41,1)+COUNTIF($B$2:B5,B5)-1) | D5: =IF(A5="","",MOD(C5-1,Sorteio!$C$6)+1) | E5: =IF(A5="","",COUNTIF($D$2:D5,D5)) | F5: =IF(A5="","",D5*100+E5) | G5: =IF(A5="","",INDEX(Sorteio!$B$11:$B$20,D5))
B6: =IF(A6="","",MOD(ABS(SIN((ROW()+Sorteio!$C$3)*12.9898+Sorteio!$C$3*78.233))*43758.5453,1)) | C6: =IF(A6="","",RANK(B6,$B$2:$B$41,1)+COUNTIF($B$2:B6,B6)-1) | D6: =IF(A6="","",MOD(C6-1,Sorteio!$C$6)+1) | E6: =IF(A6="","",COUNTIF($D$2:D6,D6)) | F6: =IF(A6="","",D6*100+E6) | G6: =IF(A6="","",INDEX(Sorteio!$B$11:$B$20,D6))
B7: =IF(A7="","",MOD(ABS(SIN((ROW()+Sorteio!$C$3)*12.9898+Sorteio!$C$3*78.233))*43758.5453,1)) | C7: =IF(A7="","",RANK(B7,$B$2:$B$41,1)+COUNTIF($B$2:B7,B7)-1) | D7: =IF(A7="","",MOD(C7-1,Sorteio!$C$6)+1) | E7: =IF(A7="","",COUNTIF($D$2:D7,D7)) | F7: =IF(A7="","",D7*100+E7) | G7: =IF(A7="","",INDEX(Sorteio!$B$11:$B$20,D7))
B8: =IF(A8="","",MOD(ABS(SIN((ROW()+Sorteio!$C$3)*12.9898+Sorteio!$C$3*78.233))*43758.5453,1)) | C8: =IF(A8="","",RANK(B8,$B$2:$B$41,1)+COUNTIF($B$2:B8,B8)-1) | D8: =IF(A8="","",MOD(C8-1,Sorteio!$C$6)+1) | E8: =IF(A8="","",COUNTIF($D$2:D8,D8)) | F8: =IF(A8="","",D8*100+E8) | G8: =IF(A8="","",INDEX(Sorteio!$B$11:$B$20,D8))
B9: =IF(A9="","",MOD(ABS(SIN((ROW()+Sorteio!$C$3)*12.9898+Sorteio!$C$3*78.233))*43758.5453,1)) | C9: =IF(A9="","",RANK(B9,$B$2:$B$41,1)+COUNTIF($B$2:B9,B9)-1) | D9: =IF(A9="","",MOD(C9-1,Sorteio!$C$6)+1) | E9: =IF(A9="","",COUNTIF($D$2:D9,D9)) | F9: =IF(A9="","",D9*100+E9) | G9: =IF(A9="","",INDEX(Sorteio!$B$11:$B$20,D9))
B10: =IF(A10="","",MOD(ABS(SIN((ROW()+Sorteio!$C$3)*12.9898+Sorteio!$C$3*78.233))*43758.5453,1)) | C10: =IF(A10="","",RANK(B10,$B$2:$B$41,1)+COUNTIF($B$2:B10,B10)-1) | D10: =IF(A10="","",MOD(C10-1,Sorteio!$C$6)+1) | E10: =IF(A10="","",COUNTIF($D$2:D10,D10)) | F10: =IF(A10="","",D10*100+E10) | G10: =IF(A10="","",INDEX(Sorteio!$B$11:$B$20,D10))
B11: =IF(A11="","",MOD(ABS(SIN((ROW()+Sorteio!$C$3)*12.9898+Sorteio!$C$3*78.233))*43758.5453,1)) | C11: =IF(A11="","",RANK(B11,$B$2:$B$41,1)+COUNTIF($B$2:B11,B11)-1) | D11: =IF(A11="","",MOD(C11-1,Sorteio!$C$6)+1) | E11: =IF(A11="","",COUNTIF($D$2:D11,D11)) | F11: =IF(A11="","",D11*100+E11) | G11: =IF(A11="","",INDEX(Sorteio!$B$11:$B$20,D11))
B12: =IF(A12="","",MOD(ABS(SIN((ROW()+Sorteio!$C$3)*12.9898+Sorteio!$C$3*78.233))*43758.5453,1)) | C12: =IF(A12="","",RANK(B12,$B$2:$B$41,1)+COUNTIF($B$2:B12,B12)-1) | D12: =IF(A12="","",MOD(C12-1,Sorteio!$C$6)+1) | E12: =IF(A12="","",COUNTIF($D$2:D12,D12)) | F12: =IF(A12="","",D12*100+E12) | G12: =IF(A12="","",INDEX(Sorteio!$B$11:$B$20,D12))
B13: =IF(A13="","",MOD(ABS(SIN((ROW()+Sorteio!$C$3)*12.9898+Sorteio!$C$3*78.233))*43758.5453,1)) | C13: =IF(A13="","",RANK(B13,$B$2:$B$41,1)+COUNTIF($B$2:B13,B13)-1) | D13: =IF(A13="","",MOD(C13-1,Sorteio!$C$6)+1) | E13: =IF(A13="","",COUNTIF($D$2:D13,D13)) | F13: =IF(A13="","",D13*100+E13) | G13: =IF(A13="","",INDEX(Sorteio!$B$11:$B$20,D13))
... B41: =IF(A41="","",MOD(ABS(SIN((ROW()+Sorteio!$C$3)*12.9898+Sorteio!$C$3*78.233))*43758.5453,1)) | C41: =IF(A41="","",RANK(B41,$B$2:$B$41,1)+COUNTIF($B$2:B41,B41)-1) | D41: =IF(A41="","",MOD(C41-1,Sorteio!$C$6)+1) | E41: =IF(A41="","",COUNTIF($D$2:D41,D41)) | F41: =IF(A41="","",D41*100+E41) | G41: =IF(A41="","",INDEX(Sorteio!$B$11:$B$20,D41))

Sheet Sorteio
A1: Sorteio de grupos e temas · Banco de Dados 2 · Turma MCI-05
B3: Número da turma (grupos) | C3: 17
B4: Número da turma (temas) | C4: 29
B5: Alunos presentes | C5: =COUNTA(Alunos!A2:A41) -> 0
B6: Grupos (de 3 ou 4 alunos) | C6: =MAX(1,ROUNDUP(C5/4,0)) -> 1
B7: Conferência | C7: =IF(C5>40,"Mais de 40 alunos: o limite é 10 grupos de 4",IF(C5=0,"Digite os nomes na aba Alunos","OK")) -> Digite os nomes na aba Alunos
A8: Peça a dois alunos que digitem um número em cada célula amarela. O mesmo número sempre dá o mesmo sorteio.
A10: Grupo | B10: Tema | C10: Integrante 1 | D10: Integrante 2 | E10: Integrante 3 | F10: Integrante 4 | G10: Integrante 5 | H10: Alunos | I10: Vagas (até 4)
A11: 1 | B11: =IF(A11>$C$6,"",INDEX(Temas!$B$2:$B$11,MATCH(A11,Temas!$D$2:$D$11,0))) -> Cinema | C11: =IF($A11>$C$6,"",IFERROR(INDEX(Alunos!$A$2:$A$41,MATCH($A11*100+1,Alunos!$F$2:$F$41,0)),"")) | D11: =IF($A11>$C$6,"",IFERROR(INDEX(Alunos!$A$2:$A$41,MATCH($A11*100+2,Alunos!$F$2:$F$41,0)),"")) | E11: =IF($A11>$C$6,"",IFERROR(INDEX(Alunos!$A$2:$A$41,MATCH($A11*100+3,Alunos!$F$2:$F$41,0)),"")) | F11: =IF($A11>$C$6,"",IFERROR(INDEX(Alunos!$A$2:$A$41,MATCH($A11*100+4,Alunos!$F$2:$F$41,0)),"")) | G11: =IF($A11>$C$6,"",IFERROR(INDEX(Alunos!$A$2:$A$41,MATCH($A11*100+5,Alunos!$F$2:$F$41,0)),"")) | H11: =IF(A11>$C$6,"",COUNTIF(Alunos!$D$2:$D$41,A11)) -> 0 | I11: =IF(A11>$C$6,"",MAX(0,4-H11)) -> 4
A12: 2 | B12: =IF(A12>$C$6,"",INDEX(Temas!$B$2:$B$11,MATCH(A12,Temas!$D$2:$D$11,0))) | C12: =IF($A12>$C$6,"",IFERROR(INDEX(Alunos!$A$2:$A$41,MATCH($A12*100+1,Alunos!$F$2:$F$41,0)),"")) | D12: =IF($A12>$C$6,"",IFERROR(INDEX(Alunos!$A$2:$A$41,MATCH($A12*100+2,Alunos!$F$2:$F$41,0)),"")) | E12: =IF($A12>$C$6,"",IFERROR(INDEX(Alunos!$A$2:$A$41,MATCH($A12*100+3,Alunos!$F$2:$F$41,0)),"")) | F12: =IF($A12>$C$6,"",IFERROR(INDEX(Alunos!$A$2:$A$41,MATCH($A12*100+4,Alunos!$F$2:$F$41,0)),"")) | G12: =IF($A12>$C$6,"",IFERROR(INDEX(Alunos!$A$2:$A$41,MATCH($A12*100+5,Alunos!$F$2:$F$41,0)),"")) | H12: =IF(A12>$C$6,"",COUNTIF(Alunos!$D$2:$D$41,A12)) | I12: =IF(A12>$C$6,"",MAX(0,4-H12))
A13: 3 | B13: =IF(A13>$C$6,"",INDEX(Temas!$B$2:$B$11,MATCH(A13,Temas!$D$2:$D$11,0))) | C13: =IF($A13>$C$6,"",IFERROR(INDEX(Alunos!$A$2:$A$41,MATCH($A13*100+1,Alunos!$F$2:$F$41,0)),"")) | D13: =IF($A13>$C$6,"",IFERROR(INDEX(Alunos!$A$2:$A$41,MATCH($A13*100+2,Alunos!$F$2:$F$41,0)),"")) | E13: =IF($A13>$C$6,"",IFERROR(INDEX(Alunos!$A$2:$A$41,MATCH($A13*100+3,Alunos!$F$2:$F$41,0)),"")) | F13: =IF($A13>$C$6,"",IFERROR(INDEX(Alunos!$A$2:$A$41,MATCH($A13*100+4,Alunos!$F$2:$F$41,0)),"")) | G13: =IF($A13>$C$6,"",IFERROR(INDEX(Alunos!$A$2:$A$41,MATCH($A13*100+5,Alunos!$F$2:$F$41,0)),"")) | H13: =IF(A13>$C$6,"",COUNTIF(Alunos!$D$2:$D$41,A13)) | I13: =IF(A13>$C$6,"",MAX(0,4-H13))
A14: 4 | B14: =IF(A14>$C$6,"",INDEX(Temas!$B$2:$B$11,MATCH(A14,Temas!$D$2:$D$11,0))) | C14: =IF($A14>$C$6,"",IFERROR(INDEX(Alunos!$A$2:$A$41,MATCH($A14*100+1,Alunos!$F$2:$F$41,0)),"")) | D14: =IF($A14>$C$6,"",IFERROR(INDEX(Alunos!$A$2:$A$41,MATCH($A14*100+2,Alunos!$F$2:$F$41,0)),"")) | E14: =IF($A14>$C$6,"",IFERROR(INDEX(Alunos!$A$2:$A$41,MATCH($A14*100+3,Alunos!$F$2:$F$41,0)),"")) | F14: =IF($A14>$C$6,"",IFERROR(INDEX(Alunos!$A$2:$A$41,MATCH($A14*100+4,Alunos!$F$2:$F$41,0)),"")) | G14: =IF($A14>$C$6,"",IFERROR(INDEX(Alunos!$A$2:$A$41,MATCH($A14*100+5,Alunos!$F$2:$F$41,0)),"")) | H14: =IF(A14>$C$6,"",COUNTIF(Alunos!$D$2:$D$41,A14)) | I14: =IF(A14>$C$6,"",MAX(0,4-H14))
A15: 5 | B15: =IF(A15>$C$6,"",INDEX(Temas!$B$2:$B$11,MATCH(A15,Temas!$D$2:$D$11,0))) | C15: =IF($A15>$C$6,"",IFERROR(INDEX(Alunos!$A$2:$A$41,MATCH($A15*100+1,Alunos!$F$2:$F$41,0)),"")) | D15: =IF($A15>$C$6,"",IFERROR(INDEX(Alunos!$A$2:$A$41,MATCH($A15*100+2,Alunos!$F$2:$F$41,0)),"")) | E15: =IF($A15>$C$6,"",IFERROR(INDEX(Alunos!$A$2:$A$41,MATCH($A15*100+3,Alunos!$F$2:$F$41,0)),"")) | F15: =IF($A15>$C$6,"",IFERROR(INDEX(Alunos!$A$2:$A$41,MATCH($A15*100+4,Alunos!$F$2:$F$41,0)),"")) | G15: =IF($A15>$C$6,"",IFERROR(INDEX(Alunos!$A$2:$A$41,MATCH($A15*100+5,Alunos!$F$2:$F$41,0)),"")) | H15: =IF(A15>$C$6,"",COUNTIF(Alunos!$D$2:$D$41,A15)) | I15: =IF(A15>$C$6,"",MAX(0,4-H15))
A16: 6 | B16: =IF(A16>$C$6,"",INDEX(Temas!$B$2:$B$11,MATCH(A16,Temas!$D$2:$D$11,0))) | C16: =IF($A16>$C$6,"",IFERROR(INDEX(Alunos!$A$2:$A$41,MATCH($A16*100+1,Alunos!$F$2:$F$41,0)),"")) | D16: =IF($A16>$C$6,"",IFERROR(INDEX(Alunos!$A$2:$A$41,MATCH($A16*100+2,Alunos!$F$2:$F$41,0)),"")) | E16: =IF($A16>$C$6,"",IFERROR(INDEX(Alunos!$A$2:$A$41,MATCH($A16*100+3,Alunos!$F$2:$F$41,0)),"")) | F16: =IF($A16>$C$6,"",IFERROR(INDEX(Alunos!$A$2:$A$41,MATCH($A16*100+4,Alunos!$F$2:$F$41,0)),"")) | G16: =IF($A16>$C$6,"",IFERROR(INDEX(Alunos!$A$2:$A$41,MATCH($A16*100+5,Alunos!$F$2:$F$41,0)),"")) | H16: =IF(A16>$C$6,"",COUNTIF(Alunos!$D$2:$D$41,A16)) | I16: =IF(A16>$C$6,"",MAX(0,4-H16))
A17: 7 | B17: =IF(A17>$C$6,"",INDEX(Temas!$B$2:$B$11,MATCH(A17,Temas!$D$2:$D$11,0))) | C17: =IF($A17>$C$6,"",IFERROR(INDEX(Alunos!$A$2:$A$41,MATCH($A17*100+1,Alunos!$F$2:$F$41,0)),"")) | D17: =IF($A17>$C$6,"",IFERROR(INDEX(Alunos!$A$2:$A$41,MATCH($A17*100+2,Alunos!$F$2:$F$41,0)),"")) | E17: =IF($A17>$C$6,"",IFERROR(INDEX(Alunos!$A$2:$A$41,MATCH($A17*100+3,Alunos!$F$2:$F$41,0)),"")) | F17: =IF($A17>$C$6,"",IFERROR(INDEX(Alunos!$A$2:$A$41,MATCH($A17*100+4,Alunos!$F$2:$F$41,0)),"")) | G17: =IF($A17>$C$6,"",IFERROR(INDEX(Alunos!$A$2:$A$41,MATCH($A17*100+5,Alunos!$F$2:$F$41,0)),"")) | H17: =IF(A17>$C$6,"",COUNTIF(Alunos!$D$2:$D$41,A17)) | I17: =IF(A17>$C$6,"",MAX(0,4-H17))
A18: 8 | B18: =IF(A18>$C$6,"",INDEX(Temas!$B$2:$B$11,MATCH(A18,Temas!$D$2:$D$11,0))) | C18: =IF($A18>$C$6,"",IFERROR(INDEX(Alunos!$A$2:$A$41,MATCH($A18*100+1,Alunos!$F$2:$F$41,0)),"")) | D18: =IF($A18>$C$6,"",IFERROR(INDEX(Alunos!$A$2:$A$41,MATCH($A18*100+2,Alunos!$F$2:$F$41,0)),"")) | E18: =IF($A18>$C$6,"",IFERROR(INDEX(Alunos!$A$2:$A$41,MATCH($A18*100+3,Alunos!$F$2:$F$41,0)),"")) | F18: =IF($A18>$C$6,"",IFERROR(INDEX(Alunos!$A$2:$A$41,MATCH($A18*100+4,Alunos!$F$2:$F$41,0)),"")) | G18: =IF($A18>$C$6,"",IFERROR(INDEX(Alunos!$A$2:$A$41,MATCH($A18*100+5,Alunos!$F$2:$F$41,0)),"")) | H18: =IF(A18>$C$6,"",COUNTIF(Alunos!$D$2:$D$41,A18)) | I18: =IF(A18>$C$6,"",MAX(0,4-H18))
A19: 9 | B19: =IF(A19>$C$6,"",INDEX(Temas!$B$2:$B$11,MATCH(A19,Temas!$D$2:$D$11,0))) | C19: =IF($A19>$C$6,"",IFERROR(INDEX(Alunos!$A$2:$A$41,MATCH($A19*100+1,Alunos!$F$2:$F$41,0)),"")) | D19: =IF($A19>$C$6,"",IFERROR(INDEX(Alunos!$A$2:$A$41,MATCH($A19*100+2,Alunos!$F$2:$F$41,0)),"")) | E19: =IF($A19>$C$6,"",IFERROR(INDEX(Alunos!$A$2:$A$41,MATCH($A19*100+3,Alunos!$F$2:$F$41,0)),"")) | F19: =IF($A19>$C$6,"",IFERROR(INDEX(Alunos!$A$2:$A$41,MATCH($A19*100+4,Alunos!$F$2:$F$41,0)),"")) | G19: =IF($A19>$C$6,"",IFERROR(INDEX(Alunos!$A$2:$A$41,MATCH($A19*100+5,Alunos!$F$2:$F$41,0)),"")) | H19: =IF(A19>$C$6,"",COUNTIF(Alunos!$D$2:$D$41,A19)) | I19: =IF(A19>$C$6,"",MAX(0,4-H19))
A20: 10 | B20: =IF(A20>$C$6,"",INDEX(Temas!$B$2:$B$11,MATCH(A20,Temas!$D$2:$D$11,0))) | C20: =IF($A20>$C$6,"",IFERROR(INDEX(Alunos!$A$2:$A$41,MATCH($A20*100+1,Alunos!$F$2:$F$41,0)),"")) | D20: =IF($A20>$C$6,"",IFERROR(INDEX(Alunos!$A$2:$A$41,MATCH($A20*100+2,Alunos!$F$2:$F$41,0)),"")) | E20: =IF($A20>$C$6,"",IFERROR(INDEX(Alunos!$A$2:$A$41,MATCH($A20*100+3,Alunos!$F$2:$F$41,0)),"")) | F20: =IF($A20>$C$6,"",IFERROR(INDEX(Alunos!$A$2:$A$41,MATCH($A20*100+4,Alunos!$F$2:$F$41,0)),"")) | G20: =IF($A20>$C$6,"",IFERROR(INDEX(Alunos!$A$2:$A$41,MATCH($A20*100+5,Alunos!$F$2:$F$41,0)),"")) | H20: =IF(A20>$C$6,"",COUNTIF(Alunos!$D$2:$D$41,A20)) | I20: =IF(A20>$C$6,"",MAX(0,4-H20))
A22: Quem chegar depois: escreva o nome sobre a célula de Integrante vazia de um grupo com vaga (coluna Vagas). Não digite na aba Alunos, porque isso refaz o sorteio.

Sheet Temas
A1: Nº | B1: Tema | C1: Número sorteado | D1: Posição
A2: 1 | B2: Biblioteca escolar | C2: =MOD(ABS(SIN(A2*12.9898+Sorteio!$C$4*78.233))*43758.5453,1) -> 0.45348926 | D2: =RANK(C2,$C$2:$C$11,1)+COUNTIF($C$2:C2,C2)-1 -> 4
A3: 2 | B3: Clínica médica | C3: =MOD(ABS(SIN(A3*12.9898+Sorteio!$C$4*78.233))*43758.5453,1) -> 0.60105113 | D3: =RANK(C3,$C$2:$C$11,1)+COUNTIF($C$2:C3,C3)-1 -> 5
A4: 3 | B4: Loja virtual | C4: =MOD(ABS(SIN(A4*12.9898+Sorteio!$C$4*78.233))*43758.5453,1) -> 0.93693457 | D4: =RANK(C4,$C$2:$C$11,1)+COUNTIF($C$2:C4,C4)-1 -> 9
A5: 4 | B5: Academia | C5: =MOD(ABS(SIN(A5*12.9898+Sorteio!$C$4*78.233))*43758.5453,1) -> 0.79831978 | D5: =RANK(C5,$C$2:$C$11,1)+COUNTIF($C$2:C5,C5)-1 -> 6
A6: 5 | B6: Delivery de comida | C6: =MOD(ABS(SIN(A6*12.9898+Sorteio!$C$4*78.233))*43758.5453,1) -> 0.8036255 | D6: =RANK(C6,$C$2:$C$11,1)+COUNTIF($C$2:C6,C6)-1 -> 7
A7: 6 | B7: Escola (notas e frequência) | C7: =MOD(ABS(SIN(A7*12.9898+Sorteio!$C$4*78.233))*43758.5453,1) -> 0.34770559 | D7: =RANK(C7,$C$2:$C$11,1)+COUNTIF($C$2:C7,C7)-1 -> 3
A8: 7 | B8: Locadora de veículos | C8: =MOD(ABS(SIN(A8*12.9898+Sorteio!$C$4*78.233))*43758.5453,1) -> 0.85982865 | D8: =RANK(C8,$C$2:$C$11,1)+COUNTIF($C$2:C8,C8)-1 -> 8
A9: 8 | B9: Sistema de chamados (helpdesk) | C9: =MOD(ABS(SIN(A9*12.9898+Sorteio!$C$4*78.233))*43758.5453,1) -> 0.29774329 | D9: =RANK(C9,$C$2:$C$11,1)+COUNTIF($C$2:C9,C9)-1 -> 2
A10: 9 | B10: Hotel ou pousada | C10: =MOD(ABS(SIN(A10*12.9898+Sorteio!$C$4*78.233))*43758.5453,1) -> 0.94263223 | D10: =RANK(C10,$C$2:$C$11,1)+COUNTIF($C$2:C10,C10)-1 -> 10
A11: 10 | B11: Cinema | C11: =MOD(ABS(SIN(A11*12.9898+Sorteio!$C$4*78.233))*43758.5453,1) -> 0.0044186487 | D11: =RANK(C11,$C$2:$C$11,1)+COUNTIF($C$2:C11,C11)-1 -> 1
A13: Os temas em amarelo podem ser editados (D-16: ajustar ao interesse da turma). Não altere as colunas C e D.
